model,inference_time_avg_ms,inference_time_std_ms,feature_extraction_time_ms,total_params,model_size_mb,num_test_images
ShuffleNetV2,30.58084726333618,0.4122969733139522,11.863771826028824,2278604,8.75433349609375,132
MobileNetV3,108.23176860809326,1.8681155541142953,38.80893252789974,5483032,21.009536743164062,132
EfficientNet-Lite,217.99930572509766,9.064695776237382,70.99019829183817,4652008,17.906654357910156,132
